/*
Navicat MySQL Data Transfer

Source Server         : 172.20.28.243
Source Server Version : 50536
Source Host           : localhost:3306
Source Database       : ithome

Target Server Type    : MYSQL
Target Server Version : 50536
File Encoding         : 65001

Date: 2017-05-21 15:26:00
*/

SET FOREIGN_KEY_CHECKS=0;

-- ----------------------------
-- Table structure for applyus
-- ----------------------------
DROP TABLE IF EXISTS `applyus`;
CREATE TABLE `applyus` (
  `Id` int(11) NOT NULL AUTO_INCREMENT,
  `stuName` varchar(255) DEFAULT NULL,
  `stuBorn` varchar(255) DEFAULT NULL,
  `stuSex` varchar(255) DEFAULT NULL,
  `dates` varchar(255) DEFAULT NULL,
  `stuAboutSelf` varchar(255) DEFAULT NULL,
  `stuClass` varchar(255) DEFAULT NULL,
  `stuGoodAt` varchar(255) DEFAULT NULL,
  `stuID` varchar(255) DEFAULT NULL,
  `stuJoinParty` varchar(255) DEFAULT NULL,
  `stuQq` varchar(255) DEFAULT NULL,
  `stuPhone` varchar(255) DEFAULT NULL,
  `stuSleepRoom` varchar(255) DEFAULT NULL,
  `applytype` varchar(255) DEFAULT NULL,
  `picture` varchar(255) DEFAULT NULL,
  `stuAboutFuture` varchar(255) DEFAULT NULL,
  `stuaddr` varchar(255) DEFAULT NULL,
  `stuemail` varchar(255) DEFAULT NULL,
  `aboutlab` varchar(255) DEFAULT NULL,
  `personHobby` varchar(255) DEFAULT NULL,
  PRIMARY KEY (`Id`)
) ENGINE=InnoDB AUTO_INCREMENT=86 DEFAULT CHARSET=utf8;

-- ----------------------------
-- Records of applyus
-- ----------------------------
INSERT INTO `applyus` VALUES ('15', '袁嘉琪', '1996-03-24', '女', '2017-03-04 18:07', '热爱技术学习，肯踏实认真研究做项目工作。', '软件工程Java技术16-02', '自学了Java，装系统，ps,pr.', '541613440236', '大学生科技创业中心', '527218066', '17719919139', '9#1705', null, 'input', '  努力待在实验室进行技术作业，多去图书馆。合理安排课余时间，努力精通语言工具为未来就业准备。', '河南省许昌市', '527218066@qq.com', '希望和团体一起做项目，有创新。实验室可以提供优秀的资源空间，为我们技术工作研究提供更好的发展前景。', 'Java');
INSERT INTO `applyus` VALUES ('16', '方美芳', '19980925', '女', '2017-03-04 21:09', '', 'JAVA技术16-01', '认真，勤恳', '541613440104', '心理办公室', '2083839317', '15839961522', '9#1703', null, 'input', '多利用实验室的资源，好好学习自己的专业课，认真做事，养成良好的学习习惯，争取四年下来可以成为很厉害的人才', '河南', '2083839317@qq.com', '原因：想开拓自己的知识，把专业课学精，并且增长自己的信心，有能力做一个更加优秀的人\r\n理解：有丰富的学习资源和资料，帮助学生实现自己的理想，培养人才的地方', null);
INSERT INTO `applyus` VALUES ('17', '乔田', '1998-09-23', '女', '2017-03-05 14:04', '我比较乐观，慢热。之前对编程很感兴趣，所以选了Java这个专业。', 'Java技术1601', '有毅力', '541613440123', '大学生艺术团服装表演队', '1486503287', '15738107600', '9#1702', null, 'input', '在大学里，我觉得学好自己的专业很重要，不管以后从事什么样的工作。所以，我会把大部分时间用在学习上。其次，有一个自己喜欢的社团，发挥自己的优势。做到学好玩好。', '河南省商丘市梁园区', '1486503287@qq.com', '我之所以想加入实验室，是因为兴趣。是想学好编程，看到自己遍出来的程序，内心会很有成就感。\r\n我觉得实验室是一个良好的学习环境，可以向前辈讨教自己不会的编程，交流自己的看法。', 'Java');
INSERT INTO `applyus` VALUES ('18', '袁琳琳', '1997.11.27', '女', '2017-03-05 14:07', '', 'JAVA-1601', '有自制力，能够合理的掌握自己的学习时间', '541613440137', '大学生艺术团设计与策划中心', '1437853343', '13569344760', '1702', null, 'input', '在课余时间多了解编程，在实验室更好的学习JAVA，当然实验室的事情也不会和自己参加的\r\n\r\n社团有时间冲突，我会合理的分配自己学习与娱乐时间', '河南省商丘市虞城县乔集', '1437853343@qq.com', '想更好的学好专业课，有助于对课堂上JAVA的学习，能在课余时间在实验室做更有意义的事\r\n\r\n情，能够独立自主的运用编程做自己喜欢的东西，\r\n\r\n理解：在实验室更深层次的了解软件工程等专业知识，增广对编程的理解与运用', null);
INSERT INTO `applyus` VALUES ('21', '李艳斌', '1996.09.06', '男', '2017-03-05 15:57', '', '软件工程（JAVA技术）', '会魔术，爱学习，刻苦', '541613440114', '大学生职业与就业发展协会', '867283230', '18838223122', '7#513', null, 'input', '如果进入实验室，我的规划就是把自己的专业学到自己可以独当一面的程度，三年之后考研。', '河南省淅川县', '867283230@qq.com', '刚进大学的时候就听说过实验室，我觉得实验室是一个能够提高个人学习能力的好地方，是一个可以延续高三那份充实感的地方。我的专业是java，java是一门需要实践的学科，需要多面知识结合的学科，而在老师并不会教太多课外的知识，自己的自学能力也有限，所以我希望加入实验室，可以进一步提高编码能力以及学习能力并多结识一些优秀的小伙伴及学长、学姐。', null);
INSERT INTO `applyus` VALUES ('22', '安蒙蒙', '1996.4.4', '女', '2017-03-05 16:22', '', '软件工程Java技术15-1', '吃苦耐劳。哈哈，也不算 就是对一件事情很会坚持。', '41513440101', '无', '1278505020', '15736731210', '616', null, 'input', '进入实验室肯定会学到更多遇见更多难题，我会增强自己自主学习的能力和时间。有时间就在实验室带着跟着学长学姐学习。现在已经大二没有那么多时间去浪费了。早上学习英语，晚上和课余时间去实验室学习专业知识。', '河南', '127850502002qq.com', '锻炼自己，提高自己的能力。让自己以后毕业找工作拥有更多的技能。\r\n实验室就是一个大神群集的地方，在哪里可以互相学习，互相探讨。通过实验室的团队完成一些项目。', null);
INSERT INTO `applyus` VALUES ('23', '潘景', '1997-12-27', '男', '2017-03-05 16:44', '      细心，耐心，具有较强的责任心，与人沟通和善谦逊，热爱编程、热爱学习、具有一定的自学能力，具有团队合作精神。\r\n', '软件工程移动互联网16-01', '无', '541613280121', '软件学院党团工作室', '11761928', '18639813836', '7#532', null, 'input', '     以学习为中心，将自己的空闲时间向实验室工作方向靠拢。', '河南省南阳市唐河县', '18639813836@163.com', '     实验室是一个锻炼人的地方，在实验室，不仅可以学到知识，更可以获得许多宝贵的经验。', 'Java, Web, Android');
INSERT INTO `applyus` VALUES ('24', '许文举', '1997-11-07', '女', '2017-03-05 17:34', '河南郑州人，毕业于省二实验,郑州十九中。\r\n典型的理科女，高中时最拿手的科目是物理/数学/政治。\r\n对于软件专业的学习有极大的好奇和热情，希望能通过令实验室更好的壮大和发展，从而逐步提升自己各方面的能力。', '软件设计与测试16-02', '绘画/长跑/敲代码', '541613270233', '软件学院学生会外联部', '247729331', '18339970778', '9#1714', null, 'mmexport1471368097321.jpg', '1.完成全专业知识的学习，积极拓展自己视野，将知识转化成行为的力量，加强实践；\r\n2.认真优秀地完成每一个项目，任务，工作；\r\n3.扩充自己的阅读量，增长可欣赏范围，能力；\r\n4.积极进行课外活动，扩充人际圈，学习更为完美的沟通，交流技巧；\r\n5.坚持锻炼身体，毕业时秀出马甲线..= =', '河南省郑州市金水区', '247729331@qq.com', '原因：渴望体会团队共同创造完成一个项目的兴奋激动成就感；\r\n           希望自己在课外有专业级别的扩充和自我学习的机会；\r\n           向往强大的黑客/炫丽的操作；\r\n理解：培养具有创新精神/具有充沛的实践能力/具有专业知识和懂的团队协作多方面发展的人才的地方', 'C');
INSERT INTO `applyus` VALUES ('25', '张嘉琦', '1996-04-23', '女', '2017-03-05 17:35', '', '软件工程Java技术15-1', '熟悉C语言和Java', '541513440149', '计算机社团、武术协会', '3352829371', '15824857338', '9#616', null, 'input', '会经常待在实验室，和实验室的同学一起进步，积极学习，使自己的大学空闲时间更加充实！', '汉', '3352829371@qq.com', '想静心学些技术\r\n在实验室可以接触到更多自己不知道的技术和知识，锻炼自己的能力', null);
INSERT INTO `applyus` VALUES ('26', '樊龙腾', '1997-01-26', '男', '2017-03-05 22:42', '对计算机，手机等非常感兴趣，从小就喜欢各种数码产品。', '软件测试16-02', '对计算机，手机软件较为擅长', '541613270203', '轮滑社', '1090386668', '13137897803', '7#527', null, 'input', '在照顾好课程的同时，尽可能的去学习计算机知识，努力成为技术大牛。', '河南省许昌市襄城县', '1090386668@qq.com', '原因：想要学好软件，想要成为技术大牛，想要为校争光。\r\n\r\n\r\n对实验室的理解：软件爱好者学习的地方，有着许许多多的技术大牛，在这里大牛们可以互相切\r\n\r\n磋，互相学习，共同完成项目。', 'C++');
INSERT INTO `applyus` VALUES ('28', '徐子渊', '1997.03.11', '男', '2017-03-06 10:32', '', '软件学院软件开发', '打篮球', '541613260119', '无', '287142421', '15039348885', '7楼522', null, 'input', '以学习专业课为主\r\n', '陕西', '287142421@qq.com', '想做些实验项目锻炼自己的编程能力\r\n', null);
INSERT INTO `applyus` VALUES ('29', '黄渝晴', '1998-09-30', '女', '2017-03-06 12:56', '性格活泼开朗', '软件工程Java技术16-01', '', '541613440109', '', '2505883433', '15083189377', '9#1702', null, 'input', '勤去实验室，提高自己专业方面的能力。以学习为主，以实验室为主。不仅要在专业成绩方面达到优秀，整体成绩也要优秀。', '河南省项城市', '2505883433@qq.com', '一个提高自己专业能力的地方，可以学到很多专业知识的地方。', 'C');
INSERT INTO `applyus` VALUES ('31', '曾爽', '19961119', '女', '2017-03-06 13:27', '我是一个性格活泼开朗的人，平时比较喜欢看书和唱歌。', '软件学院Java技术1601', '无', '541613440101', '服表', '673747963', '17193777518', '9#1702', null, 'input', '如果我进入实验室我会把我的学习和生活时间分配好，好好学习专业课把学会的知识灵活运用。多抽出时间去学习Java，好好利用实验室的资源。（刚刚手滑提交了一份不完整的报名申请，希望不要介意哈...）', '河南省南阳市唐河县', '673747963@qq.com', '我觉得实验室是一个大神云集的地方，我也想加入实验室去提升自己。跟学姐学长们一起学习交流，也可以变得很厉害。=.=', null);
INSERT INTO `applyus` VALUES ('32', '皇甫诗伟', '1996-01-10', '男', '2017-03-06 17:28', '本人性格有那么一点点不爱说话，细心，喜欢看书，喜欢钻研。对开发软件有着很大的兴趣。', '软件工程移动互联网15-01', '无大的特长', '541513250112', '无', '2578036063', '13276901740', '8#432', null, 'QQ图片20170306172449.jpg', '如果有幸进入实验室，我会制定适合自己的学习计划，大学时光来之不易，我会严格要求自己。勤奋学习，努力提高自己的专业技能，为以后走上社会奠定基础。', '河南省商丘市睢县', 'hfsw126@126.com', '加入实验室能在那里学到很多专业的东西及专业以外的知识。在实验室里能激发学习热情，能遇到志同道合的好友，并于他们交流学习。。我对实验室理解：实验室是一个共同学习的地方，', 'Android');
INSERT INTO `applyus` VALUES ('33', '徐梁攀', '1995.12.11', '男', '2017-03-06 18:08', '在技术部，担任部长一职。', '软件工程（JAVA技术）15-1', '了解掌握计算机基础、PS、绘声绘影、编程、软件安装及破解。', '541513440140', '网络协会', '1057262993', '18625779968', '8#422', null, 'input', '我会充分利用实验室资源，把握住课余时间，一定会学有所成！相信我，请给我一个机会，我\r\n\r\n一定不负众望。', '汉', '1057262993@qq.com', '想走出寝室，好好学习，找一个学习的环境，发掘自身的潜力。实验室里益友众多，学习环境\r\n\r\n很好，能学到很多技能和知识。', null);
INSERT INTO `applyus` VALUES ('35', '武纯冰', '1998-03-27', '女', '2017-03-06 20:23', '对于编程有一些兴趣，自己有很强的毅力与决心，能够坚持下去 。', '移动互联网16-01', '无', '541613280131', '软件学院党团，辅导员助理', '2424487852', '18239788938', '9#1719', null, 'input', '合理安排自己的时间，学习与娱乐的时间分配得当，充实自己的大学生活', '河南省汝州市', '2424487852@qq.com', '学习更多的关于编程的题，想成为编程中比较出色的人，了解更好的知识内容。', 'C++');
INSERT INTO `applyus` VALUES ('36', '严青', '1995.2.21', '女', '2017-03-06 20:27', '', '软件工程（Java技术）15-1', '熟悉陈语言和Java语言', '541413440150', '目前没有社团', '1248351274', '15238632359', '9#616', null, 'input', '为空闲时间找到一个更好的学习空间，能够与所学的内容更好的与实际结合在一起', '河南信阳', '1248351274@qq.com', '和志同道合的朋友一块学习，一块进步', null);
INSERT INTO `applyus` VALUES ('37', '管刘寅', '1998-12-04', '男', '2017-03-06 20:36', '我是管刘寅来自软件学院Java技术一班。我有点内向，不太会说话，喜欢编程，但是能力还不够强。通过朋友知道实验室很棒能学到很多东西，很想加入实验室多学习。\r\n。', '软件工程Java技术16-01', '可以画简单的素描', '541613440106', '大学生就业与职业发展协会', '1695093711', '13838609377', '7#511', null, 'input', '平时上课的时候认真上课，课外在实验室努力学习，提高编程能力。希望通过自己的努力能够独立做一些关于软件方面的东西', '河南省周口市扶沟县大新镇', '1695093711@qq.com', '加入实验室的原因:在课堂上学习的知识较少，想在实验室里学到更多知识，提高自己的编程能力。\r\n对实验室的理解:  我的理解是学长学姐或者老师教授知识，能学到很多东西，同学们在一起用学到的东西做项目，参加比赛等。', 'C');
INSERT INTO `applyus` VALUES ('38', '   王恩', '1996-06-07', '男', '2017-03-06 22:13', '我个人喜欢学习新鲜的东西，钻研一些东西。在集体中能够团结集体中的力量，拥有一定的组织能\r\n\r\n力。能够调动气氛。', '软件工程java技术15-02', 'java', '541513440231', '无', '2465053774', '18625778058', '8#418', null, 'input', '如果我进入实验室，我会珍惜这次机会，以把编程知识转化为真正的生产力为目标，脚踏实地的去\r\n\r\n实践。由于喜欢创造性的东西，所以在实验室希望做出真正的项目。喜欢英语，喜欢摄影，喜欢旅\r\n\r\n行，但这不代表我是一个心浮气躁的人。总之，如果有幸进入实验室，我会努力实践。', '河南省南阳市唐河县', '2465053774@qq.com', '希望在这里能够学到更多实用性的技术，更多的和志同道合的人去交流，合作。学习更多的东西，\r\n\r\n有更多的机会去实践，加深自己对所学的理解。我认为实验室不仅仅是一个学习知识，技术，应用\r\n\r\n知识和技术的团体，更是一个大家庭，人人为这个大家庭的发展贡献自己的所能。', 'Java');
INSERT INTO `applyus` VALUES ('39', '沙聪', '1997-01-02', '男', '2017-03-06 23:00', '我来自 java 16-01,很喜欢去做一些钻研的东西，喜欢团队在一起攻克难题，喜欢一个人静静的思考，最重要的是我的愿望是当一名hacker!', '软件工程JAVA技术16-01', '擅长打字，会一点盲打，善于思考', '541613440124', '英语沙龙协会', '844132421', '13526051352', '7#514', null, 'input', '如果我能进实验室，我会在闲暇时多去锻炼，争取能在实验室表现突出，同时争取在大三前能以优异的表现为之后的步入社会打下坚实的基础，广泛学习多种编程语言，融会贯通，为实验室做出一些非常好的项目！', '河南省信阳市息县关店乡', '844132421@qq.com', '实验室是培养和塑造优秀程序员的一个优秀集体，一个能让厉害的人更加厉害，平凡的人不再平凡的团队，在这里能攀登人生的顶峰，结识优秀的人才，为未来打造基础的平台。因此，我想加入这个集体，锻炼自己，和有才能的人相互切磋，共同进步，一起共建一个优秀团队！', 'C');
INSERT INTO `applyus` VALUES ('40', '张优杰', '1997-05-11', '女', '2017-03-07 11:06', '为了更有效的学习专业技能，有效的利用大学的学习时间，希望加入郑轻软创实验室，向学长学姐们学习专业的技能，得到更多的锻炼机会，成为一个专业大神！\r\n', '软件工程java技术16-02', '', '541613440242', '', '1713806233   ', '18339984294', '9#1704', null, 'input', '在学好基础课的同时，利用剩下的时间全身心投入到专业技能提高的学习上，我会为自己争取更多的机会去锻炼自己，尽量提升自己的专业水平', '河南省安阳市内黄县', '1713806233@qq.com', '我觉得实验室提供了一个学习交流的环境，给予我们更高的目标和平台。提供了更多的资源和机会，能在我们学习java这门语言中给予我们很大的帮助。\r\n', 'PS');
INSERT INTO `applyus` VALUES ('41', '王少卿', '1996-07-27', '男', '2017-03-07 13:32', '热爱科技，对编程以及IT感兴趣，希望以后可以从事这方面的工作', '软件工程移动互联网15-01', '性格乐观，有责任心', '541513250135', '大一时加入学生会，大二上学期退出。', '1091025543', '13733686550', '8#432', null, 'input', '利用自己的空余时间，提高自己的编程能力，让自己的大学生活更加丰富', '河南省许昌市禹州市', '1091025543@qq.com', '可以在里面锻炼自己，提高自己做项目的能力，多认识一些牛人', 'Android');
INSERT INTO `applyus` VALUES ('42', '郑勇', '1997-10-12', '男', '2017-03-07 14:19', '平常一些空闲时间会听听音乐，看看书或电影，有时也跑跑步偶尔到外面玩一下。自己在做事方面，也是非常认真的。', '软件工程移动互联网15-01', '特长很少，但爱好很多。', '541513250154', '网络协会', '1747320175', '15890053473', '8#432', null, 'IMG_20170307_141709.jpg', '如果进入实验室，在课余时间呆在实验室的时间可能会更多一些，能够去钻研一些问题，增加自己\r\n\r\n的知识。进入实验室之后会结识更多的同学，另一方面就是与他们交好关系。', '河南省信阳市息县', 'zhenguong1997@139.com', '原因：希望结交更多的朋友，并且能够学习更多的知识。\r\n\r\n理解：实验室就是汇聚一些有远大志向之人，能够在一起探讨问题，解决问题，相互学习。并且在\r\n\r\n实验室也能学习到一些在其他地方学习不到的知识。', 'Android');
INSERT INTO `applyus` VALUES ('43', '陈宁宁', '1994-11-16', '女', '2017-03-07 15:32', '我是一个性格开朗的人，自我感觉比较有上进心，但是不聪明。', '软件工程测试技术15-01', '没有特长', '541513450107', '英语沙龙', '1446062289', '18203681689', '9#636', null, 'input', '因为我们课少，我认为我会很积极的去实验室敲代码，尽自己最大努力去学习，尤其是在没课的时候，并且希望多学点东西，希望每天都过的充实一点，如果我成为其中的一员我会很努力的。', '河南省开封市尉氏县', '1446062289@qq.com', '我们这个专业课太少了，想让自己过得充实点，所以希望把握住这次机会进实验室认真的学些东西，希望自己不那么迷茫。', 'Java');
INSERT INTO `applyus` VALUES ('44', '喻滋旸', '1998-01-25', '男', '2017-03-07 17:58', '       我是一个做事认真，能坚持下去，始终如一的人，虽然我基础不是太好，但是在实验室我会努力学习，赶上实验室的大神们。', '软件工程Java技术16-01', '爱学习', '541613440136', '为了实验室把所有社团都退了', '1913379084', '18336013926', '7#515', null, 'P70217-110907.jpg', '规划如下：\r\n                 1.精通Java语言，掌握相关技术\r\n                 2.实验室贡献自己的力量\r\n                 3.找个女朋友', '河南南阳王店', '1913379084@qq.com', '    1.实验室是一个学习交流以及为学校做贡献的地方\r\n    2.实验室有很多大神，能够学习到很多知识，从而提高自己\r\n    3.实验室是一种荣耀', 'Java');
INSERT INTO `applyus` VALUES ('45', '许路遥', '1997-12-06', '男', '2017-03-07 18:27', '我叫许路遥，来自软件Java-16-01，对于java这门专业充满着兴趣，但是我却找不到好的方法，我喜欢坚持，对于一件事一旦投入身心就不愿放弃。希望实验室能给我这个机会。', '软件工程JAVA技术16-01', '喜欢看书   有责任心，好学', '541613440134', '心理办公室', '467092643', '18569963469', '7#515', null, 'D1W52$)G82PXB`YY`(N(UW6.jpg', '1.努力的学习专业知识，设立自己在软件道路上的目标和方向。\r\n2.多为实验室做出自己力所能及的事\r\n3..如果可能话多参与比赛吸收经验\r\n4..多做有意义的事使自己大学生活充实\r\n', '河南省信阳市固始县', '467092643@qq.com', '原因：学习没有好的方法，学的自己也是一团糟，进入实验室能更好的学习专业课，更有方向和目标，还能汲取专业上的各种经验\r\n理解：实验室里聚集了本学院专业课优秀的人才，在那里有学习的氛围，可以更好的学习。', 'Java');
INSERT INTO `applyus` VALUES ('46', '陶松', '1996-12-13', '男', '2017-03-07 20:54', '', '软件工程软件设计与测试16-01', '', '541613270128', '', '524396029', '15660023370', '7#525', null, 'input', '', '河南省南阳市邓州市', '524396029@qq.com', '', 'Java');
INSERT INTO `applyus` VALUES ('47', '张家华', '1999-01-04', '男', '2017-03-07 22:10', '特别爱玩游戏，也比较喜欢让大神带着学习！', '软件工程Java技术16-01', '好奇心重', '541613440138', '无', '2361670602', '15838337646', '7#515', null, 'QQ图片20170307220242.jpg', '肯定要比以前爱学习啊！！！', '河南省-安阳市-林州市', '2361670602@qq.com', '实验室有着良好的学习氛围，能够促进我学习，并且跟着老师做项目，对将来也有很大帮助', 'Java');
INSERT INTO `applyus` VALUES ('48', '张天志', '19971027', '男', '2017-03-07 22:12', '', '软件工程JAVA技术1501班', '会一些钢琴，对电脑编程特别感兴趣', '541513440152', '大学生艺术团传媒中心', '395584642', '18240687870', '8#415', null, 'IMG_20170205_214343.jpg', '在以后的时间里，多参加编程类的比赛，活跃在高端的编程前端。', '河南省新乡市封丘县', '395584642@qq.com', '本人喜欢电脑编程，励志做一名黑客，而实验室汇聚了学院精英的地方，我可以在这里学习到很多的东西。实验室是一个培养变成人才的地方。是一个提高、巩固、学习的地方。', null);
INSERT INTO `applyus` VALUES ('49', '乔润亭', '1998-05-01', '女', '2017-03-07 22:36', '自己是一个文静的小姑娘，喜欢看书学习。', '软件开发15-01', '特能吃苦，特爱学习', '541513260117', '暂无', '1542462018', '13283806342', '9＃613', null, 'input', '遵守实验室的规定，努力学好转业知识，做一名优秀的软件工程师。', '河南省平顶山市', '1542462018@qq.com', '希望能够增长自己专业知识，赢得自己美好的未来，跟着大神做项目，可以迅速提高自己的专业知识技能，同时可以找到志同相合的人，也可以锻炼自己的协作能力。', 'Java, Web, C');
INSERT INTO `applyus` VALUES ('50', '王楠森', '1998-02-19', '男', '2017-03-07 22:58', '我叫王楠森，是软测16级一班的一名学生。我出生在周口市，在郑州长大。我从小就对自然科学比较感兴趣（虽然大学前擅长的一直是文科），到了高中之后便对计算机科学产生了兴趣，于是报考了这个专业。我是一个有责任心，细心，且热爱计算机科学的人，如果我能加入实验室，一定会投入满腔的热情来提升自己在计算机方面的能力与知识水平。', '软件工程软件设计与测试16-01', '乒乓球', '541613270129', '软件学院资助管理办公室', '2993253933', '13838382210', '7#524', null, 'input', '如果我得以加入实验室，我将会认真规划我的作息时间，认真跟随实验室安排的学习方案学习。我会和实验室的伙伴以及班级的同学交流在专业上遇到的问题与自己的学习心得，认真努力积极的前进。我将会积极学习各种对我有益的知识与技术。除了英语之外，我还会自学一门语言，比如日语。我也会在学习生活中劳逸结合，注意在学习之余释放自己的压力，当然，我也不会让其占用自己的太多时间，只是学习之余，一小部分时间。总之，我会在这四年中积极提升自己，尽自己最大努力变成一个更好、更有实力的人。', '河南省-周口市-商水县', 'mirrors@live.cn', '我的观念里，实验室是一个可以更好的、更快与的学习的地方。在这里我们可以享受到更好的资源，可以从学长学姐那里更早、更系统的接触到各种各样有用的知识与技术，而且可得到精心规划的学习路线，学到在课堂里可能学习不到的东西。在这里我们可以跟学长学姐学习，向学长学姐请教，也可以同级同学之间相互交流、督促，更好的提升自己。而且不仅是知识上的进步，在与前辈和同级同学的相处中，我们也可以锻炼我们为人处世的能力，人际交往的能力与责任心等很多今后的工作学习中对我们至关重要的素质。所以怀着以上想法，我申请加入实验室。', 'Java');
INSERT INTO `applyus` VALUES ('51', '刘明轩', '1997-06-12', '男', '2017-03-08 12:58', '你好，我是移动互联网15级02班的刘明轩，目前我所学习的是前端技术和安卓开发，我希望能在将来的实验室中获得自我提升。', '移动互联网 15-02', '无', '541513250220', '无', '1361495056', '15194544190', '8#426', null, 'input', '我将把大部分课余时间都花在实验室中，完成一步步的计划，在这个环境中提升自己、磨练技术。', '河南省洛阳市', '1361495056@QQ.com', '实验室应当是一个给我们提供了学习和工作环境的地方，我希望在这里提升我的技术，积累项目实践经验，认识一些志同道合的同伴。', 'Android');
INSERT INTO `applyus` VALUES ('53', '黄经纬', '1996-10-21', '男', '2017-03-08 16:17', '', '移动互联网15-02', '唱歌，编程', '541513250212', '英语沙龙协会', '2363497871', '15737108828', '8#423', null, 'input', '进入实验室以后当然需要将更多的时间投入到学习中去，尽自己最大的努力去完成实验室交给的一系列任务，最到最好，从而提高自己的专业知识和能力。', '河南', '2363497871@qq.com', '想更好的学习本专业知识，能够有更多的机会去参加一些项目的制作，提高自己的实践能力。', null);
INSERT INTO `applyus` VALUES ('54', '赵宇阳', '1995-05-13', '男', '2017-03-08 16:55', '我是一个比较有耐心的人，持之以恒，喜欢web开发和android开发', '软件工程移动互联网15-01', '手机刷机，装系统，敲代码，打字', '541513250153', '加入了一个英语社团，最后因为没有活动就退出了', '549305925', '18539270747', '8#429', null, 'input', '如果加入实验室后，就会认真完成自己所属的项目，好好学习专业课和自己学习的新的专业知识，然后能在大学毕业之前蜕变，从普通的小白变成大佬！', '河南省信阳市息县', '549305925@qq.com', '有同班同学在里面，在里面能学到很多有用的知识，跟着一起成长', 'Java, Web, C, Android');
INSERT INTO `applyus` VALUES ('55', '李洋', '1996-04-14', '女', '2017-03-08 17:28', '我是一个积极向上，努力学习的软件工程专业的学生，乐于交友，更乐于与同志者深交。在轻院学习已有一年半了。我认为自己已经初步具备了一名程序员应有的基础知识了修养。有了一定的知识基础。', '软件工程移动互联网15-02', '擅长SQLserver数据库和web前段开发技术。', '541513250217', '无', '1876260738', '15093253629', '9#634', null, 'IMG_20170222_214155.jpg', '我会合理安排自己的学习和生活。来学校的主要目的是为了学习，将来能够在社会上找到一份好工作，所以在学校期间一定要学好自己专业的知识，还要尽可能的深入学习，为自己的将来多做打算。首先要学好老师上课所授之业。再在课下时间，在实验室里学习更多的知识，来提高自己的能力。', '河南省荥阳市', '15093253629@163.com', '理论知识最终都要应用于实践当中。纸上谈兵终归是一句空话，加入实验室是为了加固自己在课堂上学到的东西，也可以交到许多朋友，在实验室中也会学习到更多课堂上老师教不来的知识。实验室是给同学们提供的一个很好的学习的环境。我们可以从中得到许多知识，也会用自己的知识为实验室获得荣誉。', 'Web, 其他');
INSERT INTO `applyus` VALUES ('56', '薛生', '1996-12-12', '男', '2017-03-08 18:07', '我来自南阳，一直对软件编程感兴趣，但自制力不强，爱玩却又想有所成就', '软件工程java技术15-2', '喜欢宅，适合学软件', '541513440241', '学生会', '1194008848', '18639799003', '8#422', null, '541513440241.jpg', '大四前把java前段后端学好，最起码毕业能自己养自己', '河南省南阳市', '1198008848@qq.com', '因为自制力不是很强，又想多学点东西，所以想通过加入实验室多学点，宿舍的情况应该都懂，一个个都没上进心，整天玩，至少在宿舍里是这样，自己也被带了节奏，如果加入实验室，看到那么多人那么努力，不服输的我一定会洗心革面好好学习的，近朱者赤', 'Java');
INSERT INTO `applyus` VALUES ('57', '赵武涛', '1998-06-21', '男', '2017-03-08 18:32', '', 'java技术15-2', '', '541513440254', '', '745635130', '15194427921', '8#416', null, 'input', '', '河南洛阳', '745635130@qq.com', '锻炼自己，提升水平', null);
INSERT INTO `applyus` VALUES ('58', '张梦雅', '1996年07月17日', '女', '2017-03-08 22:25', '', '软件测试与设计16-01班', '羽毛球，画画，熟识office', '541613270143', '党团工作室，资助办', '756229641', '13071066550', '9#1708', null, 'input', '我会好好利用实验室里面的各中有利条件跟着老师和学长学姐一起好好学习，让自己能够更好\r\n\r\n的发现自己所感兴趣的方向，然后就朝着这个方向发展，学好专业课，多敲代码，多做项目。', '河南省商丘市柘城县', '756229641@qq.com', '觉得实验室是一个能够让我更好的认识我们这个专业的地方，在这儿是个学霸群集的地方，能\r\n\r\n能够让我更好的了解自己的不足与渺小，坚持不懈的去努力。可以让我更好的领略团队精神。', null);
INSERT INTO `applyus` VALUES ('59', '张京洛', '1997-04-30', '男', '2017-03-08 23:12', '我叫张京洛，性格外向，喜欢广交朋友，为人大方，不拘小节。', 'java技术16-01', '沟通能力强，学习能力强', '541613440139', '', '1211168316', '15638591763', '7#513', null, 'input', '把自己的空闲时间用在敲代码上！', '河南省洛阳市洛龙区', '1211168316@qq.com', '我喜欢计算机这个专业，我希望在这里能和同学对电子领域进行探索，实验室是一个能实现我目标的一个良好平台，我想在这里有许多志同道合的朋友，能让我更加优秀。', 'Java, C');
INSERT INTO `applyus` VALUES ('60', '李艳斌', '1996-09-06', '男', '2017-03-09 07:21', '我的名字是李艳斌，对学习，我有很强的学习渴望;对生活，我想跟一些朋友好好相处;对未来：我满怀期待。我是一个有自己想法的人，我不善于侃侃而谈，经历了很多事让我明白行动比语言更有力，我觉得自己有点缺乏信心，有点固执，有点爱胡思乱想。总而言之，我渴望进步。', '软件工程（JAVA技术）16-01', '会点魔术，爱学习，爱跑步，', '541613440114', '大学生职业与就业发展协会', '867283230', '18838223122', '7#513', null, 'input', '我的目标是考取研究生，如果进入实验室，我会尽全力把专业课水平提升到一个自己满意档次，让在实验室学到的知识为以后的考研梦保驾护航', '河南省南阳市淅川县', '867283230@qq.com', '刚进大学的时候就有学长推荐我加入实验室，在我眼中的实验室是一个可以学习课本以外知识的地方，是一个培养人才的地方。我之所以想加入实验室是因为我感觉自己的专业课水平很差，想在实验室得到一个大的提高。', 'Java');
INSERT INTO `applyus` VALUES ('61', '单培山', '1997-01-03', '男', '2017-03-09 10:44', '我是一个性格开朗，活泼的人，平时也帮助别人一些力所能及的事，有责任心。', '软件工程软件设计与测试16-01', '暂无', '541613270102', '院学生会', '1916171325', '18211795650', '7#525', null, 'input', '首先要把自己的学业以优异的成绩完成，并且在其他方面也有些突出的地方，比如运动。', '河南省信阳市商城县上石桥镇', '1916171325@qq.com', '想在实验室中学到更多的东西，想挖掘自己的潜力，我认为实验室可以提高人的专研能力', 'C');
INSERT INTO `applyus` VALUES ('62', '李思雨', '1996-11-13', '男', '2017-03-09 18:40', '曾在学生会摄影1年半，热爱编程，有一些新奇的想法。', '软件工程移动互联网15-02', '摄影经验丰富，会后期。', '541513250216', '武术协会', '905354149', '13598775067', '8#423', null, 'input', '在上课之余，花时间在实验室做自己的东西', '河南省-开封市', 'siyu2510@163.com', '原因：想找一些志同道合的人，做东西，开阔视界。\r\n理解：花时间去做东西，投入进去，就会有收获。它不只是一个实验室，还是一个大家庭。', 'Java, Web, C, Android, PS, 其他');
INSERT INTO `applyus` VALUES ('64', '李姗姗', '1996-02-02', '女', '2017-03-12 22:29', '陌生时感觉我是个安静的女生  熟悉了会发现我是个开朗的女汉子', '软件工程软件设计与测试', '有耐心  行动力强', '541613270114', '软件学院党团工作室', '914821540', '13164377237', '9#1710', null, 'input', '用自己的业余时间学习专业课  争取从不懂到了解  最后提高自己', '河南省商丘市柘城县', '13164377237@qq.com', '学好专业  锻炼自己的能力  实验室是一个神奇的地方 ', 'Java, C++');
INSERT INTO `applyus` VALUES ('65', '何琳琳', '1996-06-23', '女', '2017-03-12 22:37', '我是来自商丘的一个姑娘，对学习有着执着和耐心，希望可以加入到实验室这个大家庭，在实验室的的学习中努力提升自己。', '软件工程Java技术16-02', '', '541613440207', '舞蹈团', '1347040209', '15637027466', '9#1704', null, 'input', '多去实验室学习，利用好课余时间去学习非自己专业的课程。', '河南省商丘市虞城县', '1347040209@qq.com', '希望能有大神的提点，能够更好的学习自己的专业以及更多其他的知识，在学习中提升自己。', 'Java');
INSERT INTO `applyus` VALUES ('66', '陈文龙', '1996.01.14', '男', '2017-03-13 17:13', '', '移动互联网15-02', '唱歌', '541513250203', '大学生艺术团', '2374579492', '18339823976', '8#428', null, 'input', '珍惜机会，把握机遇，多问多学，不离不弃。', '河南省信阳市', '2374579492@qq.com', '学习更多知识，多参加比赛。跟学长学姐浪。\r\n实验室是团队共同做项目，共同学习的地方。', null);
INSERT INTO `applyus` VALUES ('67', '', '', '', '2017-03-13 17:16', '', '', '', '', '', '', '', '', null, 'input', '', '', '', '', null);
INSERT INTO `applyus` VALUES ('68', '张风远', '1998-09-06', '女', '2017-03-13 18:38', '我是一个心灵手巧的女孩，热爱学习，足够认真对待学习工作', '软件设计与测试16-02', '画画', '541613270239', '软件学院心理健康办公室', '1796073700', '13393705510', '9#1712', null, 'input', '就现在这几个星期而言，文化课方面，只占用了课余时间的一小部分。如果我进入实验室，我会把剩下的课余时间多用来在实验室提高自己，充实自己。', '河南省许昌市长葛市', '1796073700@qq.com', '我知道的实验室是一个有着一般学习场所没有的学习氛围，在这里，能够很好的学习我们的专业知识。\r\n我希望能够在专业方面能更上一层楼，所以我想加入实验室。', 'C');
INSERT INTO `applyus` VALUES ('69', '刘月', '1996-03-12', '女', '2017-03-13 18:59', '我是一个乐观，热情，学习认真，对很多事情都充满好奇心的女生，乐于尝试新奇的事情。', '软件设计与测试16-02', '书法，唱歌', '541613270220', '武术协会', '1550489246', '15738856880', '9#1712', null, 'input', '课余时间尽量多抽出时间在实验室，在掌握专业知识的基础上提高自己的动手操作能力和独立思考能力，而不仅仅是纸上谈兵般肤浅，深入了解并加强自己的专业知识。', '河南省周口市郸城县', '1550489246@qq.com', '个人认为会学到很多专业课上学不到的知识，在学习的同时还可以交到更多的朋友，一起努力。', 'C');
INSERT INTO `applyus` VALUES ('70', '刘月', '1996-03-12', '女', '2017-03-13 18:59', '我是一个乐观，热情，学习认真，对很多事情都充满好奇心的女生，乐于尝试新奇的事情。', '软件设计与测试16-02', '书法，唱歌', '541613270220', '武术协会', '1550489246', '15738856880', '9#1712', null, 'input', '课余时间尽量多抽出时间在实验室，在掌握专业知识的基础上提高自己的动手操作能力和独立思考能力，而不仅仅是纸上谈兵般肤浅，深入了解并加强自己的专业知识。', '河南省周口市郸城县', '1550489246@qq.com', '个人认为会学到很多专业课上学不到的知识，在学习的同时还可以交到更多的朋友，一起努力。', 'C');
INSERT INTO `applyus` VALUES ('71', '张娜娜', '1996-10-17', '女', '2017-03-13 19:46', '简介：本人性格热情开朗，真诚待人，为人诚实谦虚。工作上，认真负责，能吃苦耐劳，尽职尽责。为人处世有分寸，善与人沟通；学习上，刻苦认真，成绩优异，喜欢参加课外活动，拥有较多的工作经验', '软件工程软件设计与测试16-02', '吃苦耐劳，有毅力', '541613270243', '软件学院心理健康办公室', '1510812821', '15517007212', '9#1712', null, 'input', '进入实验室后我会先树立一个小目标，且为成为一名优秀的程序员坚持不懈地奋斗，而且在以后的学习过程中一定多思考，多为实验室着想，一定会把实验室的事放在前，个人的事放在后，没事泡在实验室，然后定期反思自己，以便更好的进步（虽然现在我的专业课一般般，但是如果实验室给我一个机会，我一定不会让实验室失望', '河南省商丘市虞城县', '1510812821@qq.com', '原因：首先，我哦对实验是比较感兴趣；其次，加入实验室可以锻炼自己的能力；然后是加入实验室可以向大神们学习，建立起良好的人际关系网，其实刚入大学的时候也加了，但是因为一些原因报名表没及时交。\r\n理解：实验室是为热爱学习软件的同学提供的平台，且可以最大化的发挥自己的能力', 'C');
INSERT INTO `applyus` VALUES ('72', '张娜娜', '1996-10-17', '女', '2017-03-13 19:46', '简介：本人性格热情开朗，真诚待人，为人诚实谦虚。工作上，认真负责，能吃苦耐劳，尽职尽责。为人处世有分寸，善与人沟通；学习上，刻苦认真，成绩优异，喜欢参加课外活动，拥有较多的工作经验', '软件工程软件设计与测试16-02', '吃苦耐劳，有毅力', '541613270243', '软件学院心理健康办公室', '1510812821', '15517007212', '9#1712', null, 'input', '进入实验室后我会先树立一个小目标，且为成为一名优秀的程序员坚持不懈地奋斗，而且在以后的学习过程中一定多思考，多为实验室着想，一定会把实验室的事放在前，个人的事放在后，没事泡在实验室，然后定期反思自己，以便更好的进步（虽然现在我的专业课一般般，但是如果实验室给我一个机会，我一定不会让实验室失望', '河南省商丘市虞城县', '1510812821@qq.com', '原因：首先，我哦对实验是比较感兴趣；其次，加入实验室可以锻炼自己的能力；然后是加入实验室可以向大神们学习，建立起良好的人际关系网，其实刚入大学的时候也加了，但是因为一些原因报名表没及时交。\r\n理解：实验室是为热爱学习软件的同学提供的平台，且可以最大化的发挥自己的能力', 'C');
INSERT INTO `applyus` VALUES ('73', '张娜娜', '1996-10-17', '女', '2017-03-13 19:46', '简介：本人性格热情开朗，真诚待人，为人诚实谦虚。工作上，认真负责，能吃苦耐劳，尽职尽责。为人处世有分寸，善与人沟通；学习上，刻苦认真，成绩优异，喜欢参加课外活动，拥有较多的工作经验', '软件工程软件设计与测试16-02', '吃苦耐劳，有毅力', '541613270243', '软件学院心理健康办公室', '1510812821', '15517007212', '9#1712', null, 'input', '进入实验室后我会先树立一个小目标，且为成为一名优秀的程序员坚持不懈地奋斗，而且在以后的学习过程中一定多思考，多为实验室着想，一定会把实验室的事放在前，个人的事放在后，没事泡在实验室，然后定期反思自己，以便更好的进步（虽然现在我的专业课一般般，但是如果实验室给我一个机会，我一定不会让实验室失望', '河南省商丘市虞城县', '1510812821@qq.com', '原因：首先，我哦对实验是比较感兴趣；其次，加入实验室可以锻炼自己的能力；然后是加入实验室可以向大神们学习，建立起良好的人际关系网，其实刚入大学的时候也加了，但是因为一些原因报名表没及时交。\r\n理解：实验室是为热爱学习软件的同学提供的平台，且可以最大化的发挥自己的能力', 'C');
INSERT INTO `applyus` VALUES ('74', '张娜娜', '1996-10-17', '女', '2017-03-13 19:46', '简介：本人性格热情开朗，真诚待人，为人诚实谦虚。工作上，认真负责，能吃苦耐劳，尽职尽责。为人处世有分寸，善与人沟通；学习上，刻苦认真，成绩优异，喜欢参加课外活动，拥有较多的工作经验', '软件工程软件设计与测试16-02', '吃苦耐劳，有毅力', '541613270243', '软件学院心理健康办公室', '1510812821', '15517007212', '9#1712', null, 'input', '进入实验室后我会先树立一个小目标，且为成为一名优秀的程序员坚持不懈地奋斗，而且在以后的学习过程中一定多思考，多为实验室着想，一定会把实验室的事放在前，个人的事放在后，没事泡在实验室，然后定期反思自己，以便更好的进步（虽然现在我的专业课一般般，但是如果实验室给我一个机会，我一定不会让实验室失望', '河南省商丘市虞城县', '1510812821@qq.com', '原因：首先，我哦对实验是比较感兴趣；其次，加入实验室可以锻炼自己的能力；然后是加入实验室可以向大神们学习，建立起良好的人际关系网，其实刚入大学的时候也加了，但是因为一些原因报名表没及时交。\r\n理解：实验室是为热爱学习软件的同学提供的平台，且可以最大化的发挥自己的能力', 'C');
INSERT INTO `applyus` VALUES ('75', '张娜娜', '1996-10-17', '女', '2017-03-13 19:46', '简介：本人性格热情开朗，真诚待人，为人诚实谦虚。工作上，认真负责，能吃苦耐劳，尽职尽责。为人处世有分寸，善与人沟通；学习上，刻苦认真，成绩优异，喜欢参加课外活动，拥有较多的工作经验', '软件工程软件设计与测试16-02', '吃苦耐劳，有毅力', '541613270243', '软件学院心理健康办公室', '1510812821', '15517007212', '9#1712', null, 'input', '进入实验室后我会先树立一个小目标，且为成为一名优秀的程序员坚持不懈地奋斗，而且在以后的学习过程中一定多思考，多为实验室着想，一定会把实验室的事放在前，个人的事放在后，没事泡在实验室，然后定期反思自己，以便更好的进步（虽然现在我的专业课一般般，但是如果实验室给我一个机会，我一定不会让实验室失望', '河南省商丘市虞城县', '1510812821@qq.com', '原因：首先，我哦对实验是比较感兴趣；其次，加入实验室可以锻炼自己的能力；然后是加入实验室可以向大神们学习，建立起良好的人际关系网，其实刚入大学的时候也加了，但是因为一些原因报名表没及时交。\r\n理解：实验室是为热爱学习软件的同学提供的平台，且可以最大化的发挥自己的能力', 'C');
INSERT INTO `applyus` VALUES ('76', '张娜娜', '1996-10-17', '女', '2017-03-13 19:46', '简介：本人性格热情开朗，真诚待人，为人诚实谦虚。工作上，认真负责，能吃苦耐劳，尽职尽责。为人处世有分寸，善与人沟通；学习上，刻苦认真，成绩优异，喜欢参加课外活动，拥有较多的工作经验', '软件工程软件设计与测试16-02', '吃苦耐劳，有毅力', '541613270243', '软件学院心理健康办公室', '1510812821', '15517007212', '9#1712', null, 'input', '进入实验室后我会先树立一个小目标，且为成为一名优秀的程序员坚持不懈地奋斗，而且在以后的学习过程中一定多思考，多为实验室着想，一定会把实验室的事放在前，个人的事放在后，没事泡在实验室，然后定期反思自己，以便更好的进步（虽然现在我的专业课一般般，但是如果实验室给我一个机会，我一定不会让实验室失望', '河南省商丘市虞城县', '1510812821@qq.com', '原因：首先，我哦对实验是比较感兴趣；其次，加入实验室可以锻炼自己的能力；然后是加入实验室可以向大神们学习，建立起良好的人际关系网，其实刚入大学的时候也加了，但是因为一些原因报名表没及时交。\r\n理解：实验室是为热爱学习软件的同学提供的平台，且可以最大化的发挥自己的能力', 'C');
INSERT INTO `applyus` VALUES ('77', '张娜娜', '1996-10-17', '女', '2017-03-13 19:46', '简介：本人性格热情开朗，真诚待人，为人诚实谦虚。工作上，认真负责，能吃苦耐劳，尽职尽责。为人处世有分寸，善与人沟通；学习上，刻苦认真，成绩优异，喜欢参加课外活动，拥有较多的工作经验', '软件工程软件设计与测试16-02', '吃苦耐劳，有毅力', '541613270243', '软件学院心理健康办公室', '1510812821', '15517007212', '9#1712', null, 'input', '进入实验室后我会先树立一个小目标，且为成为一名优秀的程序员坚持不懈地奋斗，而且在以后的学习过程中一定多思考，多为实验室着想，一定会把实验室的事放在前，个人的事放在后，没事泡在实验室，然后定期反思自己，以便更好的进步（虽然现在我的专业课一般般，但是如果实验室给我一个机会，我一定不会让实验室失望', '河南省商丘市虞城县', '1510812821@qq.com', '原因：首先，我哦对实验是比较感兴趣；其次，加入实验室可以锻炼自己的能力；然后是加入实验室可以向大神们学习，建立起良好的人际关系网，其实刚入大学的时候也加了，但是因为一些原因报名表没及时交。\r\n理解：实验室是为热爱学习软件的同学提供的平台，且可以最大化的发挥自己的能力', 'C');
INSERT INTO `applyus` VALUES ('78', '张娜娜', '1996-10-17', '女', '2017-03-13 19:46', '简介：本人性格热情开朗，真诚待人，为人诚实谦虚。工作上，认真负责，能吃苦耐劳，尽职尽责。为人处世有分寸，善与人沟通；学习上，刻苦认真，成绩优异，喜欢参加课外活动，拥有较多的工作经验', '软件工程软件设计与测试16-02', '吃苦耐劳，有毅力', '541613270243', '软件学院心理健康办公室', '1510812821', '15517007212', '9#1712', null, 'input', '进入实验室后我会先树立一个小目标，且为成为一名优秀的程序员坚持不懈地奋斗，而且在以后的学习过程中一定多思考，多为实验室着想，一定会把实验室的事放在前，个人的事放在后，没事泡在实验室，然后定期反思自己，以便更好的进步（虽然现在我的专业课一般般，但是如果实验室给我一个机会，我一定不会让实验室失望', '河南省商丘市虞城县', '1510812821@qq.com', '原因：首先，我哦对实验是比较感兴趣；其次，加入实验室可以锻炼自己的能力；然后是加入实验室可以向大神们学习，建立起良好的人际关系网，其实刚入大学的时候也加了，但是因为一些原因报名表没及时交。\r\n理解：实验室是为热爱学习软件的同学提供的平台，且可以最大化的发挥自己的能力', 'C');
INSERT INTO `applyus` VALUES ('79', '张娜娜', '1996-10-17', '女', '2017-03-13 19:46', '简介：本人性格热情开朗，真诚待人，为人诚实谦虚。工作上，认真负责，能吃苦耐劳，尽职尽责。为人处世有分寸，善与人沟通；学习上，刻苦认真，成绩优异，喜欢参加课外活动，拥有较多的工作经验', '软件工程软件设计与测试16-02', '吃苦耐劳，有毅力', '541613270243', '软件学院心理健康办公室', '1510812821', '15517007212', '9#1712', null, 'input', '进入实验室后我会先树立一个小目标，且为成为一名优秀的程序员坚持不懈地奋斗，而且在以后的学习过程中一定多思考，多为实验室着想，一定会把实验室的事放在前，个人的事放在后，没事泡在实验室，然后定期反思自己，以便更好的进步（虽然现在我的专业课一般般，但是如果实验室给我一个机会，我一定不会让实验室失望', '河南省商丘市虞城县', '1510812821@qq.com', '原因：首先，我哦对实验是比较感兴趣；其次，加入实验室可以锻炼自己的能力；然后是加入实验室可以向大神们学习，建立起良好的人际关系网，其实刚入大学的时候也加了，但是因为一些原因报名表没及时交。\r\n理解：实验室是为热爱学习软件的同学提供的平台，且可以最大化的发挥自己的能力', 'C');
INSERT INTO `applyus` VALUES ('80', '张娜娜', '1996-10-17', '女', '2017-03-13 19:46', '简介：本人性格热情开朗，真诚待人，为人诚实谦虚。工作上，认真负责，能吃苦耐劳，尽职尽责。为人处世有分寸，善与人沟通；学习上，刻苦认真，成绩优异，喜欢参加课外活动，拥有较多的工作经验', '软件工程软件设计与测试16-02', '吃苦耐劳，有毅力', '541613270243', '软件学院心理健康办公室', '1510812821', '15517007212', '9#1712', null, 'input', '进入实验室后我会先树立一个小目标，且为成为一名优秀的程序员坚持不懈地奋斗，而且在以后的学习过程中一定多思考，多为实验室着想，一定会把实验室的事放在前，个人的事放在后，没事泡在实验室，然后定期反思自己，以便更好的进步（虽然现在我的专业课一般般，但是如果实验室给我一个机会，我一定不会让实验室失望', '河南省商丘市虞城县', '1510812821@qq.com', '原因：首先，我哦对实验是比较感兴趣；其次，加入实验室可以锻炼自己的能力；然后是加入实验室可以向大神们学习，建立起良好的人际关系网，其实刚入大学的时候也加了，但是因为一些原因报名表没及时交。\r\n理解：实验室是为热爱学习软件的同学提供的平台，且可以最大化的发挥自己的能力', 'C');
INSERT INTO `applyus` VALUES ('81', '张娜娜', '1996-10-17', '女', '2017-03-13 19:46', '简介：本人性格热情开朗，真诚待人，为人诚实谦虚。工作上，认真负责，能吃苦耐劳，尽职尽责。为人处世有分寸，善与人沟通；学习上，刻苦认真，成绩优异，喜欢参加课外活动，拥有较多的工作经验', '软件工程软件设计与测试16-02', '吃苦耐劳，有毅力', '541613270243', '软件学院心理健康办公室', '1510812821', '15517007212', '9#1712', null, 'input', '进入实验室后我会先树立一个小目标，且为成为一名优秀的程序员坚持不懈地奋斗，而且在以后的学习过程中一定多思考，多为实验室着想，一定会把实验室的事放在前，个人的事放在后，没事泡在实验室，然后定期反思自己，以便更好的进步（虽然现在我的专业课一般般，但是如果实验室给我一个机会，我一定不会让实验室失望', '河南省商丘市虞城县', '1510812821@qq.com', '原因：首先，我哦对实验是比较感兴趣；其次，加入实验室可以锻炼自己的能力；然后是加入实验室可以向大神们学习，建立起良好的人际关系网，其实刚入大学的时候也加了，但是因为一些原因报名表没及时交。\r\n理解：实验室是为热爱学习软件的同学提供的平台，且可以最大化的发挥自己的能力', 'C');
INSERT INTO `applyus` VALUES ('82', '张娜娜', '1996-10-17', '女', '2017-03-13 19:46', '简介：本人性格热情开朗，真诚待人，为人诚实谦虚。工作上，认真负责，能吃苦耐劳，尽职尽责。为人处世有分寸，善与人沟通；学习上，刻苦认真，成绩优异，喜欢参加课外活动，拥有较多的工作经验', '软件工程软件设计与测试16-02', '吃苦耐劳，有毅力', '541613270243', '软件学院心理健康办公室', '1510812821', '15517007212', '9#1712', null, 'input', '进入实验室后我会先树立一个小目标，且为成为一名优秀的程序员坚持不懈地奋斗，而且在以后的学习过程中一定多思考，多为实验室着想，一定会把实验室的事放在前，个人的事放在后，没事泡在实验室，然后定期反思自己，以便更好的进步（虽然现在我的专业课一般般，但是如果实验室给我一个机会，我一定不会让实验室失望', '河南省商丘市虞城县', '1510812821@qq.com', '原因：首先，我哦对实验是比较感兴趣；其次，加入实验室可以锻炼自己的能力；然后是加入实验室可以向大神们学习，建立起良好的人际关系网，其实刚入大学的时候也加了，但是因为一些原因报名表没及时交。\r\n理解：实验室是为热爱学习软件的同学提供的平台，且可以最大化的发挥自己的能力', 'C');
INSERT INTO `applyus` VALUES ('83', '张娜娜', '1996-10-17', '女', '2017-03-13 19:46', '简介：本人性格热情开朗，真诚待人，为人诚实谦虚。工作上，认真负责，能吃苦耐劳，尽职尽责。为人处世有分寸，善与人沟通；学习上，刻苦认真，成绩优异，喜欢参加课外活动，拥有较多的工作经验', '软件工程软件设计与测试16-02', '吃苦耐劳，有毅力', '541613270243', '软件学院心理健康办公室', '1510812821', '15517007212', '9#1712', null, 'input', '进入实验室后我会先树立一个小目标，且为成为一名优秀的程序员坚持不懈地奋斗，而且在以后的学习过程中一定多思考，多为实验室着想，一定会把实验室的事放在前，个人的事放在后，没事泡在实验室，然后定期反思自己，以便更好的进步（虽然现在我的专业课一般般，但是如果实验室给我一个机会，我一定不会让实验室失望', '河南省商丘市虞城县', '1510812821@qq.com', '原因：首先，我哦对实验是比较感兴趣；其次，加入实验室可以锻炼自己的能力；然后是加入实验室可以向大神们学习，建立起良好的人际关系网，其实刚入大学的时候也加了，但是因为一些原因报名表没及时交。\r\n理解：实验室是为热爱学习软件的同学提供的平台，且可以最大化的发挥自己的能力', 'C');
INSERT INTO `applyus` VALUES ('84', '冯萌', '1997-05-17', '女', '2017-03-13 19:50', '爱读书，爱学习，热爱伟大的编程事业；有较强的责任心和沟通能力。', '软件设计与测试16-02', '爱读书，爱学习，热爱伟大的编程事业；有较强的责任心和沟通能力。', '541613270204', '无', '6369709', '15037262191', '9#1712', null, '55B2CDBB925070B7582172EAADF1F995.jpg', '在完成自己平常学习任务的基础上，积极参与实验室的工作。\r\n', '河南省安阳市安阳县', '6369709@qq.com', '想提升自己的专业水平，为今后的学习以及工作打下坚实的编程基础\r\n\r\n实验室是一个给积极向上的同学展现自己、提升自己的平台\r\n', 'C');
INSERT INTO `applyus` VALUES ('85', '冯萌', '1997-05-17', '女', '2017-03-13 19:49', '爱读书，爱学习，热爱伟大的编程事业；有较强的责任心和沟通能力。', '软件设计与测试16-02', '爱读书，爱学习，热爱伟大的编程事业；有较强的责任心和沟通能力。', '541613270204', '无', '6369709', '15037262191', '9#1712', null, '55B2CDBB925070B7582172EAADF1F995.jpg', '在完成自己平常学习任务的基础上，积极参与实验室的工作。\r\n', '河南省安阳市安阳县', '6369709@qq.com', '想提升自己的专业水平，为今后的学习以及工作打下坚实的编程基础\r\n\r\n实验室是一个给积极向上的同学展现自己、提升自己的平台\r\n', 'C');

-- ----------------------------
-- Table structure for boards
-- ----------------------------
DROP TABLE IF EXISTS `boards`;
CREATE TABLE `boards` (
  `id` int(11) NOT NULL AUTO_INCREMENT,
  `name` varchar(255) DEFAULT NULL,
  `message` varchar(255) DEFAULT NULL,
  `url_img` varchar(255) DEFAULT NULL,
  `boardType` int(11) DEFAULT NULL,
  PRIMARY KEY (`id`)
) ENGINE=InnoDB AUTO_INCREMENT=25 DEFAULT CHARSET=utf8;

-- ----------------------------
-- Records of boards
-- ----------------------------
INSERT INTO `boards` VALUES ('1', 'Java基础', 'Java技术交流区', 'java.png', '1');
INSERT INTO `boards` VALUES ('2', 'Java Web', 'Java web技术交流', 'web1.png', '1');
INSERT INTO `boards` VALUES ('3', 'UI设计', '前端及UI设计交流', '1234.png', '1');
INSERT INTO `boards` VALUES ('4', '算法', '算法交流', 'suanfa.png', '1');
INSERT INTO `boards` VALUES ('5', '数据库', '数据库交流', 'dbicon.png', '1');
INSERT INTO `boards` VALUES ('6', 'DoBug', '异常问题帮忙', 'bug2.png', '2');
INSERT INTO `boards` VALUES ('7', '代码测试', '测试代码', 'test.png', '2');
INSERT INTO `boards` VALUES ('8', '软件安装', '测试', 'anzhuang.png', '2');
INSERT INTO `boards` VALUES ('9', '数据分析', '测试', 'fenxi.png', '2');
INSERT INTO `boards` VALUES ('10', '系统分析', '测试', 'xitong.png', '2');
INSERT INTO `boards` VALUES ('11', '文化课', '测试', 'wenhua.png', '3');
INSERT INTO `boards` VALUES ('12', '数学', '测试', 'formula.png', '3');
INSERT INTO `boards` VALUES ('13', '英语', '测试', 'english.png', '3');
INSERT INTO `boards` VALUES ('14', '考试辅导', '测试', 'stuhelp.png', '3');
INSERT INTO `boards` VALUES ('15', '其他', '测试', 'other.png', '3');
INSERT INTO `boards` VALUES ('16', '哈哈', '测试', 'other.png', '3');
INSERT INTO `boards` VALUES ('17', '哈哈', '测试', 'other.png', '3');
INSERT INTO `boards` VALUES ('18', '哈哈', '测试', 'other.png', '3');
INSERT INTO `boards` VALUES ('19', '哈哈', '测试', 'other.png', '3');
INSERT INTO `boards` VALUES ('20', '哈哈', '测试', 'other.png', '3');
INSERT INTO `boards` VALUES ('21', '哈哈', '测试', 'other.png', '3');
INSERT INTO `boards` VALUES ('22', '哈哈', '测试', 'other.png', '3');
INSERT INTO `boards` VALUES ('23', '哈哈', '测试', 'other.png', '3');
INSERT INTO `boards` VALUES ('24', '哈哈', '测试', 'other.png', '3');

-- ----------------------------
-- Table structure for data_class
-- ----------------------------
DROP TABLE IF EXISTS `data_class`;
CREATE TABLE `data_class` (
  `Id` int(11) NOT NULL AUTO_INCREMENT,
  `name` varchar(255) DEFAULT NULL,
  `message` varchar(255) DEFAULT NULL,
  `url_img` varchar(255) DEFAULT NULL,
  PRIMARY KEY (`Id`)
) ENGINE=InnoDB AUTO_INCREMENT=3 DEFAULT CHARSET=utf8;

-- ----------------------------
-- Records of data_class
-- ----------------------------
INSERT INTO `data_class` VALUES ('1', '学习资源', '此模块用于存放学习资源', 'demos.png');
INSERT INTO `data_class` VALUES ('2', '娱乐资源', '游戏资源', 'demos.png');

-- ----------------------------
-- Table structure for data_data
-- ----------------------------
DROP TABLE IF EXISTS `data_data`;
CREATE TABLE `data_data` (
  `Id` int(11) NOT NULL AUTO_INCREMENT,
  `name` varchar(255) DEFAULT NULL,
  `message` varchar(255) DEFAULT NULL,
  `dates` date DEFAULT NULL,
  `url_data` varchar(255) DEFAULT NULL,
  `friends` varchar(255) DEFAULT NULL,
  `down_num` int(11) DEFAULT NULL,
  `data_id` int(11) DEFAULT NULL,
  PRIMARY KEY (`Id`),
  KEY `FKEA4FF31F68DBDA1E` (`data_id`),
  CONSTRAINT `FKEA4FF31F68DBDA1E` FOREIGN KEY (`data_id`) REFERENCES `data_class` (`Id`)
) ENGINE=InnoDB AUTO_INCREMENT=16 DEFAULT CHARSET=utf8;

-- ----------------------------
-- Records of data_data
-- ----------------------------
INSERT INTO `data_data` VALUES ('15', 'Demo', 'Demo', '2017-03-04', 'voice.png', '郭大虾', '1', '2');

-- ----------------------------
-- Table structure for demos
-- ----------------------------
DROP TABLE IF EXISTS `demos`;
CREATE TABLE `demos` (
  `id` int(11) NOT NULL AUTO_INCREMENT,
  `name` varchar(255) DEFAULT NULL,
  `pass` varchar(255) DEFAULT NULL,
  `message` varchar(255) DEFAULT NULL,
  PRIMARY KEY (`id`)
) ENGINE=InnoDB DEFAULT CHARSET=utf8;

-- ----------------------------
-- Records of demos
-- ----------------------------

-- ----------------------------
-- Table structure for files
-- ----------------------------
DROP TABLE IF EXISTS `files`;
CREATE TABLE `files` (
  `Id` int(11) NOT NULL AUTO_INCREMENT,
  `name` varchar(255) DEFAULT NULL,
  `message` varchar(255) DEFAULT NULL,
  `dates` date DEFAULT NULL,
  `url_message` varchar(255) DEFAULT NULL,
  `file_fri` int(11) DEFAULT NULL,
  `file_packs` int(11) DEFAULT NULL,
  PRIMARY KEY (`Id`),
  KEY `FK5CEBA77ABB168A3` (`file_packs`),
  KEY `FK5CEBA77E68AE7CE` (`file_fri`),
  CONSTRAINT `FK5CEBA77ABB168A3` FOREIGN KEY (`file_packs`) REFERENCES `packages` (`Id`),
  CONSTRAINT `FK5CEBA77E68AE7CE` FOREIGN KEY (`file_fri`) REFERENCES `friends` (`Id`)
) ENGINE=InnoDB AUTO_INCREMENT=23 DEFAULT CHARSET=utf8;

-- ----------------------------
-- Records of files
-- ----------------------------
INSERT INTO `files` VALUES ('1', '测试', '上传测试', '2016-12-04', 'code.txt', '2', '2');
INSERT INTO `files` VALUES ('2', '开发', '开发', '2016-12-04', 'code.txt', '2', '2');
INSERT INTO `files` VALUES ('5', '这是个大的模块', '撒服务二房东 轻微违法', '2016-12-04', 'bouaaaaah_128px_1181313_easyicon.net.png', '1', '3');
INSERT INTO `files` VALUES ('11', '124274', '1214254', '2016-12-05', 'confident_128px_1181318_easyicon.net_.png', '1', '11');
INSERT INTO `files` VALUES ('12', '测试的文件n', '1424254320', '2016-12-05', 'brzzzzz_128px_1181315_easyicon.net.png', '1', '23');
INSERT INTO `files` VALUES ('13', '4212', '12424', '2016-12-05', 'confident_128px_1181318_easyicon.net_.png', '1', '26');
INSERT INTO `files` VALUES ('14', '42472', 'fgyuhr6t当事人岗位爱上我', '2016-12-05', 'dark_mood_128px_1181319_easyicon.net.png', '1', '27');
INSERT INTO `files` VALUES ('15', '14124', 'fgyuhr6t当事人岗位爱上我', '2016-12-05', 'beaten_128px_1181310_easyicon.net.png', '1', '27');
INSERT INTO `files` VALUES ('16', '的弗格森', '第三方得分', '2016-12-06', 'dark_mood_128px_1181319_easyicon.net.png', '1', '23');
INSERT INTO `files` VALUES ('17', '小青蛙', '呱呱', '2017-01-20', '变ns.png', '1', '3');
INSERT INTO `files` VALUES ('18', '上传文件', '哈哈吧', '2017-01-20', '大山.png', '1', '35');
INSERT INTO `files` VALUES ('21', '的地方多', '的说法色弱', '2017-01-20', '草原.png', '1', '36');
INSERT INTO `files` VALUES ('22', '方程式', '非法知识的发二分', '2017-01-20', '大山.png', '1', '36');

-- ----------------------------
-- Table structure for friends
-- ----------------------------
DROP TABLE IF EXISTS `friends`;
CREATE TABLE `friends` (
  `Id` int(11) NOT NULL AUTO_INCREMENT,
  `realName` varchar(255) DEFAULT NULL,
  `pickName` varchar(255) DEFAULT NULL,
  `pass` varchar(255) DEFAULT NULL,
  `leaves` varchar(255) DEFAULT NULL,
  `myCase` varchar(255) DEFAULT NULL,
  `role_p` varchar(255) DEFAULT NULL,
  `say` varchar(255) DEFAULT NULL,
  `picture` varchar(255) DEFAULT NULL,
  `accounts` varchar(255) DEFAULT NULL,
  PRIMARY KEY (`Id`)
) ENGINE=InnoDB AUTO_INCREMENT=18 DEFAULT CHARSET=utf8;

-- ----------------------------
-- Records of friends
-- ----------------------------
INSERT INTO `friends` VALUES ('1', 'toms', '狗蛋', '123', '12', '12452', '1', '我要盖欧彼岸世界', '1234.png', '123');
INSERT INTO `friends` VALUES ('2', '拆欧仁', '哈哈哈', '123', '1', '2244', '0', '我也不知道跑', '1234.png', '456');
INSERT INTO `friends` VALUES ('3', '小狗蛋', '测试哈哈', '123', '0', '100', '1', '测试哈哈', 'bg.jpg', '789');
INSERT INTO `friends` VALUES ('11', '买仁萍', '买仁萍', 'mima.,', '1', '10', '0', '新新人类', '1234.png', '541613440120');
INSERT INTO `friends` VALUES ('16', '王沁苑', '宇宙无敌超能聪明小仙女', '129', '1', '10', '0', '愚蠢的人类', '1234.png', '541613440129');
INSERT INTO `friends` VALUES ('17', '郭永越', '郭永越', '209', '1', '10', '0', '新新人类>_<', '1234.png', '541513440209');

-- ----------------------------
-- Table structure for packages
-- ----------------------------
DROP TABLE IF EXISTS `packages`;
CREATE TABLE `packages` (
  `Id` int(11) NOT NULL AUTO_INCREMENT,
  `name` varchar(255) DEFAULT NULL,
  `message` varchar(255) DEFAULT NULL,
  `dates` date DEFAULT NULL,
  `url_message` varchar(255) DEFAULT NULL,
  `packNum` int(11) DEFAULT NULL,
  `pack_pro` int(11) DEFAULT NULL,
  `fpack_packs` int(11) DEFAULT NULL,
  `pack_fri` int(11) DEFAULT NULL,
  PRIMARY KEY (`Id`),
  KEY `FK2CC154EDF08C8EC0` (`pack_pro`),
  KEY `FK2CC154ED3F1DBDEB` (`pack_fri`),
  KEY `FK2CC154ED7E066466` (`fpack_packs`),
  CONSTRAINT `FK2CC154ED3F1DBDEB` FOREIGN KEY (`pack_fri`) REFERENCES `friends` (`Id`),
  CONSTRAINT `FK2CC154ED7E066466` FOREIGN KEY (`fpack_packs`) REFERENCES `packages` (`Id`),
  CONSTRAINT `FK2CC154EDF08C8EC0` FOREIGN KEY (`pack_pro`) REFERENCES `projects` (`Id`)
) ENGINE=InnoDB AUTO_INCREMENT=43 DEFAULT CHARSET=utf8;

-- ----------------------------
-- Records of packages
-- ----------------------------
INSERT INTO `packages` VALUES ('1', '门户建设', '郑轻软创门户建设项目', '2016-12-04', 'code.txt', '4', '1', null, '2');
INSERT INTO `packages` VALUES ('2', '门户前端', '门户前端设计', '2016-12-04', 'code.txt', '0', '1', null, '1');
INSERT INTO `packages` VALUES ('3', '门户后台', '后台开发', '2016-12-04', 'code.txt', '2', '1', null, '1');
INSERT INTO `packages` VALUES ('4', '测试部分的板块', '测试的代码', '2016-12-04', 'dark_mood_128px_1181319_easyicon.net.png', '6', '1', null, '1');
INSERT INTO `packages` VALUES ('5', '界面设计', '这部分作为界面设计部分', '2016-12-04', 'brzzzzz_128px_1181315_easyicon.net.png', '3', '2', null, '1');
INSERT INTO `packages` VALUES ('7', '测试板块一', '测试的双丰收富翁抢匪', '2016-12-04', 'dark_mood_128px_1181319_easyicon.net.png', '2', '2', null, '1');
INSERT INTO `packages` VALUES ('8', '蛇移动测试', '萨芬查封稳定十个人', '2016-12-05', 'confident_128px_1181318_easyicon.net_.png', '3', '3', null, '1');
INSERT INTO `packages` VALUES ('9', '142', '1111', '2016-12-05', 'confident_128px_1181318_easyicon.net_.png', '1', null, '1', '1');
INSERT INTO `packages` VALUES ('11', '22333', '1214242', '2016-12-05', 'bouaaaaah_128px_1181313_easyicon.net.png', '333', null, '1', '1');
INSERT INTO `packages` VALUES ('12', '444', '444', '2016-12-05', 'chinese_128px_1181317_easyicon.net.png', '44', null, null, null);
INSERT INTO `packages` VALUES ('13', '777', '777', '2016-12-05', 'blubb_128px_1181311_easyicon.net.png', '77', null, '2', '1');
INSERT INTO `packages` VALUES ('14', '7785', '5552', '2016-12-05', 'bouaaaaah_128px_1181313_easyicon.net.png', '425', null, '3', '1');
INSERT INTO `packages` VALUES ('23', '425472', '14242472', '2016-12-05', 'confident_128px_1181318_easyicon.net_.png', '1242', null, '3', '1');
INSERT INTO `packages` VALUES ('24', '萨芬的', '得分', '2016-12-05', 'confident_128px_1181318_easyicon.net_.png', '10', null, '9', '1');
INSERT INTO `packages` VALUES ('25', '1242', '12422', '2016-12-05', 'confident_128px_1181318_easyicon.net_.png', '12', null, '12', '1');
INSERT INTO `packages` VALUES ('26', '12142', '1242142547', '2016-12-05', 'confident_128px_1181318_easyicon.net_.png', '0', null, '24', '1');
INSERT INTO `packages` VALUES ('27', '测试一', '测试大声道是', '2016-12-05', 'confident_128px_1181318_easyicon.net_.png', '5', '4', null, '1');
INSERT INTO `packages` VALUES ('28', '侧睡而', '是否地方', '2016-12-05', 'confident_128px_1181318_easyicon.net_.png', '2', '4', null, '1');
INSERT INTO `packages` VALUES ('29', '是否', '大撒发顺丰', '2016-12-05', 'blubb_128px_1181311_easyicon.net.png', '1', '4', null, '1');
INSERT INTO `packages` VALUES ('30', '测试的项目', '三大球无大群', '2016-12-05', 'bouaaaaah_128px_1181313_easyicon.net.png', '0', null, '27', '1');
INSERT INTO `packages` VALUES ('31', '风格', '公益金一天放', '2016-12-05', 'chinese_128px_1181317_easyicon.net.png', '0', null, '27', '1');
INSERT INTO `packages` VALUES ('32', '多个', '说的服务商', '2016-12-05', 'chinese_128px_1181317_easyicon.net.png', '0', null, '27', '1');
INSERT INTO `packages` VALUES ('33', '14242', '012410', '2016-12-05', 'chinese_128px_1181317_easyicon.net.png', '0', null, '28', '1');
INSERT INTO `packages` VALUES ('34', '1441', '421', '2016-12-05', 'confident_128px_1181318_easyicon.net_.png', '0', null, '28', '1');
INSERT INTO `packages` VALUES ('35', '最牛的板块', '这是我的板块', '2017-01-20', '草原.png', '5', '1', null, '1');
INSERT INTO `packages` VALUES ('36', '第一个项目板块', '测试的板块', '2017-01-20', '变ns.png', '5', '16', null, '1');
INSERT INTO `packages` VALUES ('37', '哈哈的测试', '上传文件不成功', '2017-01-20', '平地.png', '0', null, '35', '1');
INSERT INTO `packages` VALUES ('38', '哈哈吧胜多负少的', '板块', '2017-01-20', '公路ns.png', '0', null, '35', '1');
INSERT INTO `packages` VALUES ('39', '的想法', '媳妇', '2017-01-20', '变ns.png', '0', null, '36', '1');
INSERT INTO `packages` VALUES ('40', '防守打法', '打飞的', '2017-01-20', '公路ew.png', '10', '16', null, '1');
INSERT INTO `packages` VALUES ('41', '第三方热风', '第三方为法人 ', '2017-01-20', '变ew.png', '10', '16', null, '1');
INSERT INTO `packages` VALUES ('42', '侧顺丰到付', '防守打法', '2017-01-20', '大山.png', '0', null, '36', '1');

-- ----------------------------
-- Table structure for posts
-- ----------------------------
DROP TABLE IF EXISTS `posts`;
CREATE TABLE `posts` (
  `id` int(11) NOT NULL AUTO_INCREMENT,
  `name` varchar(255) DEFAULT NULL,
  `message` varchar(255) DEFAULT NULL,
  `dates` date DEFAULT NULL,
  `count` int(11) DEFAULT NULL,
  `post_board` int(11) DEFAULT NULL,
  `post_friends` int(11) DEFAULT NULL,
  PRIMARY KEY (`id`),
  KEY `FK65E7BD3540A3CEA` (`post_friends`),
  KEY `FK65E7BD31509EC7D` (`post_board`),
  CONSTRAINT `FK65E7BD31509EC7D` FOREIGN KEY (`post_board`) REFERENCES `boards` (`id`),
  CONSTRAINT `FK65E7BD3540A3CEA` FOREIGN KEY (`post_friends`) REFERENCES `friends` (`Id`)
) ENGINE=InnoDB AUTO_INCREMENT=42 DEFAULT CHARSET=utf8;

-- ----------------------------
-- Records of posts
-- ----------------------------
INSERT INTO `posts` VALUES ('1', '贴子1', '贴子1', '2016-12-02', '47', '1', '1');
INSERT INTO `posts` VALUES ('2', '贴子2', '贴子2贴子2贴子2', '2016-12-03', '4', '2', '1');
INSERT INTO `posts` VALUES ('3', '贴子3', 'IE诶日的财务是多少', '2016-12-04', '5', '1', '2');
INSERT INTO `posts` VALUES ('4', '贴子4', '贴子4贴子4', '2016-12-04', '5', '1', '1');
INSERT INTO `posts` VALUES ('5', '贴5', '542448多个', '2016-12-03', '12', '2', '2');
INSERT INTO `posts` VALUES ('6', '这是个很长的贴子', '我不知道，为啥那么长', '2016-12-03', '1', '3', '1');
INSERT INTO `posts` VALUES ('7', '我不会发帖子', '1654684sa4da64csw', '2016-12-03', '1', '2', '1');
INSERT INTO `posts` VALUES ('8', '我有加了一个版块哈哈', '这咋整', '2016-12-03', '1', '2', '1');
INSERT INTO `posts` VALUES ('9', '测试的模板哈哈', '测试的模板这是怎么解决', '2016-12-03', '1', '1', '1');
INSERT INTO `posts` VALUES ('10', '测试的模板1247', '测试的模板这是怎么解手续费的爱是发的晚决', '2016-12-03', '0', '3', '1');
INSERT INTO `posts` VALUES ('11', '你好你好', '哈哈哈', '2016-12-03', '0', '1', '1');
INSERT INTO `posts` VALUES ('12', '你好呀', '哈哈哈', '2016-12-03', '0', '2', '1');
INSERT INTO `posts` VALUES ('13', '你好呀我的问题怎么解决你知道吗？', '哈哈哈嘿嘿你是怎么了', '2016-12-03', '2', '2', '1');
INSERT INTO `posts` VALUES ('14', '怎么说呢这是个bug和黑耳鼻喉', '这是一个我们肯德测试内容', '2016-12-03', '1', '3', '1');
INSERT INTO `posts` VALUES ('15', '咋整怎么说呢这是个bug和黑耳鼻喉', '这是一个我们肯德测试内容', '2016-12-03', '1', '3', '1');
INSERT INTO `posts` VALUES ('16', '测试哦贴子', '咋整', '2016-12-03', '0', '3', '1');
INSERT INTO `posts` VALUES ('17', '测试哦贴子', '咋整', '2016-12-03', '0', '3', '1');
INSERT INTO `posts` VALUES ('18', '测试哦贴子', '咋整', '2016-12-03', '0', '3', '1');
INSERT INTO `posts` VALUES ('19', '测试哦贴子', '咋整', '2016-12-03', '0', '3', '1');
INSERT INTO `posts` VALUES ('20', '测试哦贴子', '咋整', '2016-12-03', '1', '3', '1');
INSERT INTO `posts` VALUES ('21', '测试哦贴子', '咋整', '2016-12-03', '5', '3', '1');
INSERT INTO `posts` VALUES ('22', 'ext', '爱好', '2016-12-26', '0', '1', '2');
INSERT INTO `posts` VALUES ('23', '哈哈', 'textws', '2016-12-26', '0', '1', '2');
INSERT INTO `posts` VALUES ('24', '嘿嘿', '心脏肥大', '2016-12-26', '0', '1', '3');
INSERT INTO `posts` VALUES ('25', '河河', '特定性能', '2016-12-26', '2', '1', '1');
INSERT INTO `posts` VALUES ('26', '嘿嘿', '温湿度', '2016-12-26', '1', '1', '1');
INSERT INTO `posts` VALUES ('27', '说的', '发吃西瓜', '2016-12-26', '1', '1', '2');
INSERT INTO `posts` VALUES ('28', '违法', '收费的 ', '2016-12-26', '4', '1', '2');
INSERT INTO `posts` VALUES ('29', '贴子1', '贴子1', '2016-12-02', '44', '1', '1');
INSERT INTO `posts` VALUES ('30', '贴子1', '贴子1', '2016-12-02', '44', '1', '1');
INSERT INTO `posts` VALUES ('31', '贴子1', '贴子1', '2016-12-02', '44', '1', '1');
INSERT INTO `posts` VALUES ('32', '贴子1', '贴子1', '2016-12-02', '44', '1', '1');
INSERT INTO `posts` VALUES ('33', '贴子1', '贴子1', '2016-12-02', '44', '1', '1');
INSERT INTO `posts` VALUES ('34', '贴子1', '贴子1', '2016-12-02', '45', '1', '1');
INSERT INTO `posts` VALUES ('35', '贴子1', '贴子1', '2016-12-02', '44', '1', '2');
INSERT INTO `posts` VALUES ('36', '贴子1', '贴子1', '2016-12-02', '44', '1', '2');
INSERT INTO `posts` VALUES ('37', '贴子1', '贴子1', '2016-12-02', '44', '1', '1');
INSERT INTO `posts` VALUES ('38', '贴子1', '贴子1', '2016-12-02', '44', '1', '1');
INSERT INTO `posts` VALUES ('39', '贴子1', '贴子1', '2016-12-02', '45', '1', '1');
INSERT INTO `posts` VALUES ('40', '王志汤的英语是个bug', 'Can you write a letter about how to improve the 王志汤\'S English!   hahahahahah .', '2017-03-06', '0', '13', '16');
INSERT INTO `posts` VALUES ('41', '王志汤的英语是个bug', 'Can you write a letter about how to improve the 王志汤\'S English!   hahahahahah .', '2017-03-06', '3', '13', '16');

-- ----------------------------
-- Table structure for projects
-- ----------------------------
DROP TABLE IF EXISTS `projects`;
CREATE TABLE `projects` (
  `Id` int(11) NOT NULL AUTO_INCREMENT,
  `name` varchar(255) DEFAULT NULL,
  `message` varchar(255) DEFAULT NULL,
  `dates` date DEFAULT NULL,
  `url_message` varchar(255) DEFAULT NULL,
  `viewCounts` int(11) DEFAULT NULL,
  `packNum` int(11) DEFAULT NULL,
  `pro_friend` int(11) DEFAULT NULL,
  `projectstate` int(11) DEFAULT NULL,
  PRIMARY KEY (`Id`),
  KEY `FKC479187A5990BC64` (`pro_friend`),
  CONSTRAINT `FKC479187A5990BC64` FOREIGN KEY (`pro_friend`) REFERENCES `friends` (`Id`)
) ENGINE=InnoDB AUTO_INCREMENT=17 DEFAULT CHARSET=utf8;

-- ----------------------------
-- Records of projects
-- ----------------------------
INSERT INTO `projects` VALUES ('1', '郑轻软创门户', '郑轻软创门户建设', '2016-12-04', 'code.txt', '378', '5', '2', '0');
INSERT INTO `projects` VALUES ('2', '坦克大战开发', '联机的坦克大战开发', '2016-12-03', 'code.txt', '66', '3', '1', '0');
INSERT INTO `projects` VALUES ('3', '贪吃蛇', '单机版贪吃蛇开发', '2016-11-28', 'code.txt', '16', '4', '3', '1');
INSERT INTO `projects` VALUES ('4', '我的世界单机版', '做个我的世界吧一块', '2016-12-04', 'confident_128px_1181318_easyicon.net_.png', '21', '3', '1', '1');
INSERT INTO `projects` VALUES ('5', '贪吃蛇联机版', '贪吃蛇联机版项目', '2016-12-04', 'confident_128px_1181318_easyicon.net_.png', '5', '5', '1', '1');
INSERT INTO `projects` VALUES ('6', '开心的1', '测试的开心', '2016-12-29', 'code.txt', '0', '7', '1', '0');
INSERT INTO `projects` VALUES ('7', '开心的2', '测试的开心', '2016-12-29', 'code.txt', '1', '7', '1', '0');
INSERT INTO `projects` VALUES ('8', '开心的3', '测试的开心', '2016-12-29', 'code.txt', '1', '5', '2', '0');
INSERT INTO `projects` VALUES ('9', '开心的4', '测试的开心', '2016-12-29', 'code.txt', '0', '7', '2', '0');
INSERT INTO `projects` VALUES ('10', '开心的5', '测试的开心', '2016-12-29', 'code.txt', '0', '5', '1', '0');
INSERT INTO `projects` VALUES ('11', '开心的6', '测试的开心', '2016-12-29', 'code.txt', '0', '5', '1', '0');
INSERT INTO `projects` VALUES ('12', '开心的7', '测试的开心', '2016-12-29', 'code.txt', '0', '5', '1', '0');
INSERT INTO `projects` VALUES ('13', '开心的8', '测试的开心', '2016-12-29', 'code.txt', '0', '5', '1', '0');
INSERT INTO `projects` VALUES ('14', '开心的9', '测试的开心', '2016-12-29', 'code.txt', '0', '5', '1', '0');
INSERT INTO `projects` VALUES ('15', '开心的10', '测试的开心', '2016-12-29', 'code.txt', '1', '5', '1', '0');
INSERT INTO `projects` VALUES ('16', '开心的11', '测试的开心', '2016-12-29', 'code.txt', '12', '5', null, '0');

-- ----------------------------
-- Table structure for replys
-- ----------------------------
DROP TABLE IF EXISTS `replys`;
CREATE TABLE `replys` (
  `id` int(11) NOT NULL AUTO_INCREMENT,
  `message` varchar(255) DEFAULT NULL,
  `dates` date DEFAULT NULL,
  `reply_friends` int(11) DEFAULT NULL,
  `reply_post` int(11) DEFAULT NULL,
  PRIMARY KEY (`id`),
  KEY `FKC84C4AC91F9CD34` (`reply_friends`),
  KEY `FKC84C4AC9E8457DF` (`reply_post`),
  CONSTRAINT `FKC84C4AC91F9CD34` FOREIGN KEY (`reply_friends`) REFERENCES `friends` (`Id`),
  CONSTRAINT `FKC84C4AC9E8457DF` FOREIGN KEY (`reply_post`) REFERENCES `posts` (`id`)
) ENGINE=InnoDB AUTO_INCREMENT=24 DEFAULT CHARSET=utf8;

-- ----------------------------
-- Records of replys
-- ----------------------------
INSERT INTO `replys` VALUES ('1', '<p>\r\n	，楼主厉害</p>\r\n', '2016-12-03', '1', '1');
INSERT INTO `replys` VALUES ('2', '<p>\r\n	对楼主是五体投地<strong>啊</strong></p>\r\n', '2016-12-03', '1', '1');
INSERT INTO `replys` VALUES ('3', '<p>\r\n	142574124狗蛋佩服</p>\r\n', '2016-12-03', '1', '1');
INSERT INTO `replys` VALUES ('4', '<p>\r\n	狗蛋真吊</p>\r\n', '2016-12-03', '1', '1');
INSERT INTO `replys` VALUES ('5', '<p>\r\n	厉害啊</p>\r\n', '2016-12-03', '1', '1');
INSERT INTO `replys` VALUES ('6', '<p>\r\n	楼主真的好<strong>屌啊</strong></p>\r\n', '2016-12-03', '1', '6');
INSERT INTO `replys` VALUES ('7', '<p>\r\n	不知道</p>\r\n', '2016-12-03', '1', '3');
INSERT INTO `replys` VALUES ('8', '<p>\r\n	真的厉害？</p>\r\n', '2016-12-03', '1', '1');
INSERT INTO `replys` VALUES ('9', '<p>\r\n	<strong>想亲你楼主</strong></p>\r\n', '2016-12-03', '1', '16');
INSERT INTO `replys` VALUES ('10', '<p>\r\n	你好呀哈哈</p>\r\n', '2016-12-03', '1', '12');
INSERT INTO `replys` VALUES ('11', '<p>\r\n	楼主好屌</p>\r\n', '2016-12-03', '1', '12');
INSERT INTO `replys` VALUES ('12', '<p>\r\n	真的</p>\r\n', '2016-12-03', '1', '1');
INSERT INTO `replys` VALUES ('13', '<p>\r\n	对</p>\r\n', '2016-12-03', '1', '1');
INSERT INTO `replys` VALUES ('14', '<p>\r\n	不会发帖子咋弄</p>\r\n', '2016-12-03', '1', '7');
INSERT INTO `replys` VALUES ('15', '<p>\r\n	这个帖子真吊</p>\r\n', '2016-12-03', '1', '1');
INSERT INTO `replys` VALUES ('16', '<p>\r\n	<strong>楼主真的哈恩</strong></p>\r\n', '2016-12-04', '1', '1');
INSERT INTO `replys` VALUES ('17', '<p>\r\n	楼主你哈</p>\r\n', '2016-12-05', '1', '21');
INSERT INTO `replys` VALUES ('18', '<p>\r\n	楼主好屌</p>\r\n', '2016-12-14', '1', '20');
INSERT INTO `replys` VALUES ('19', '河河', '2016-12-26', '2', '1');
INSERT INTO `replys` VALUES ('22', '', '2016-12-26', '1', '1');
INSERT INTO `replys` VALUES ('23', '<p>\r\n	楼主好</p>\r\n', '2016-12-26', '1', '28');

-- ----------------------------
-- Table structure for viewitem
-- ----------------------------
DROP TABLE IF EXISTS `viewitem`;
CREATE TABLE `viewitem` (
  `id` int(11) NOT NULL AUTO_INCREMENT,
  `name` varchar(255) DEFAULT NULL,
  `message` varchar(255) DEFAULT NULL,
  `url_link` varchar(255) DEFAULT NULL,
  `url_img` varchar(255) DEFAULT NULL,
  `types` varchar(255) DEFAULT NULL,
  `dates` date DEFAULT NULL,
  PRIMARY KEY (`id`)
) ENGINE=InnoDB DEFAULT CHARSET=utf8;

-- ----------------------------
-- Records of viewitem
-- ----------------------------
